8412,914,457,356,7.835658,3.829315
8276,934,467,349,7.828921,3.830620
8356,888,491,359,7.835658,3.831926
8404,934,467,359,7.828921,3.833231
8396,880,480,357,7.835658,3.834537
8388,878,497,342,7.828921,3.835842
8384,932,466,352,7.828921,3.837147
8416,884,492,364,7.828921,3.838452
8376,910,455,352,7.828921,3.839757
8300,952,476,357,7.835658,3.841063
8400,894,498,367,7.842394,3.842370
8368,916,458,349,7.835658,3.843676
8360,880,478,354,7.835658,3.844982
8376,910,510,351,7.835658,3.846288
8156,958,479,352,7.835658,3.847594
8176,900,508,367,7.835658,3.848900
8232,940,470,357,7.835658,3.850206
8116,964,482,352,7.835658,3.851512
8148,912,502,357,7.835658,3.852818
8200,954,477,357,7.835658,3.854124
8196,904,490,356,7.842394,3.855431
8172,904,509,344,7.835658,3.856737
8176,952,476,351,7.828921,3.858042
8204,906,505,364,7.835658,3.859348
8160,924,462,349,7.835658,3.860654
8120,976,488,357,7.835658,3.861960
8168,904,506,362,7.835658,3.863266
8160,938,469,347,7.835658,3.864573
8132,884,495,356,7.835658,3.865879
8212,896,502,344,7.828921,3.867183
8164,976,488,359,7.828921,3.868488
8192,868,507,365,7.835658,3.869794
8224,930,465,352,7.835658,3.871100
8156,990,495,362,7.835658,3.872406
8176,894,502,359,7.835658,3.873713
8188,956,478,357,7.835658,3.875019
8208,892,501,362,7.842394,3.876326
8184,884,500,338,7.835658,3.877632
8196,974,487,359,7.835658,3.878938
8244,896,511,370,7.835658,3.880244
8168,918,459,346,7.835658,3.881550
8096,992,496,362,7.842394,3.882857
8188,882,501,359,7.842394,3.884164
8140,950,475,352,7.842394,3.885471
8164,870,497,359,7.842394,3.886778
8192,902,495,346,7.835658,3.888084
8124,994,497,364,7.842394,3.889391
8156,846,492,354,7.842394,3.890698
8184,952,476,359,7.849130,3.892006
8120,990,495,362,7.849130,3.893314
8132,892,494,354,7.842394,3.894621
8168,994,497,372,7.849130,3.895930
8204,862,491,357,7.849130,3.897238
8140,924,496,351,7.849130,3.898546
8172,982,491,364,7.849130,3.899854
8152,878,492,354,7.849130,3.901162
8148,944,472,356,7.855866,3.902472
8072,974,487,356,7.849130,3.903780
8148,910,504,360,7.849130,3.905088
8116,954,477,356,7.849130,3.906396
8112,898,497,359,7.849130,3.907705
8152,920,487,354,7.849130,3.909013
8136,988,494,364,7.855866,3.910322
8168,864,482,356,7.849130,3.911630
8392,920,460,357,7.855866,3.912940
8324,980,490,369,7.855866,3.914249
8348,870,481,354,7.855866,3.915559
8352,952,476,365,7.862603,3.916869
8396,878,486,362,7.862603,3.918179
8320,890,467,349,7.855866,3.919489
8352,976,488,370,7.855866,3.920798
8372,856,476,352,7.855866,3.922107
8336,920,460,354,7.855866,3.923417
8284,954,477,356,7.855866,3.924726
8352,874,474,349,7.849130,3.926034
8368,952,476,364,7.855866,3.927344
8304,856,469,349,7.849130,3.928652
8368,916,490,360,7.849130,3.929960
8364,940,470,356,7.849130,3.931268
8312,866,469,344,7.849130,3.932577
8384,922,461,357,7.849130,3.933885
8312,934,467,351,7.842394,3.935192
8352,872,492,359,7.842394,3.936499
8384,916,458,351,7.842394,3.937806
8396,880,479,357,7.835658,3.939112
8348,886,493,347,7.835658,3.940418
8344,944,472,357,7.835658,3.941724
8412,884,495,367,7.835658,3.943030
8344,884,442,341,7.835658,3.944336
8272,952,476,354,7.828921,3.945641
8416,856,495,365,7.828921,3.946946
8372,924,462,352,7.828921,3.948251
8380,862,493,367,7.835658,3.949557
8392,874,494,344,7.835658,3.950863
8368,954,477,360,7.828921,3.952168
8364,860,490,360,7.835658,3.953474
8400,908,454,354,7.835658,3.954780
8344,970,485,364,7.835658,3.956086
8388,846,493,362,7.842394,3.957393
8400,924,462,354,7.842394,3.958700
8396,872,492,365,7.849130,3.960008
8344,868,488,339,7.842394,3.961315
8356,966,483,365,7.842394,3.962622
8404,860,494,365,7.849130,3.963930
8388,898,449,349,7.849130,3.965239
8332,968,484,362,7.849130,3.966547
8424,858,495,365,7.849130,3.967855
8348,926,463,352,7.849130,3.969163
8356,850,492,365,7.855866,3.970473
8372,872,489,342,7.849130,3.971781
8332,964,482,362,7.849130,3.973089
8320,836,479,352,7.849130,3.974397
8360,928,464,359,7.849130,3.975705
8184,996,498,365,7.855866,3.977015
8120,872,488,347,7.849130,3.978323
8148,978,489,364,7.849130,3.979631
8164,866,490,356,7.849130,3.980939
8084,920,502,349,7.842394,3.982246
8076,962,481,352,7.842394,3.983553
8128,898,501,359,7.842394,3.984860
8084,924,462,347,7.842394,3.986167
8044,992,496,360,7.842394,3.987474
8128,894,483,346,7.835658,3.988780
8112,968,484,359,7.842394,3.990088
8124,872,479,346,7.835658,3.991394
8148,926,491,354,7.828921,3.992698
8180,988,494,365,7.835658,3.994004
8096,874,482,346,7.828921,3.995309
8164,946,473,357,7.835658,3.996615
8152,956,478,351,7.828921,3.997920
8140,912,493,351,7.828921,3.999225
8180,950,475,356,7.828921,4.000530
8140,894,483,349,7.822185,4.001833
8140,898,499,342,7.822185,4.003137
8116,950,475,347,7.815449,4.004440
8164,864,500,359,7.815449,4.005743
8108,912,456,341,7.815449,4.007045
8036,992,496,360,7.815449,4.008348
8136,878,494,354,7.815449,4.009651
8124,968,484,359,7.822185,4.010954
8080,864,483,347,7.815449,4.012257
8140,936,506,359,7.822185,4.013561
8128,970,485,357,7.822185,4.014864
8136,896,495,354,7.822185,4.016168
8160,934,467,354,7.822185,4.017472
8112,994,497,364,7.822185,4.018775
8136,882,493,352,7.822185,4.020079
8096,958,479,356,7.822185,4.021383
8180,892,499,364,7.828921,4.022687
8128,910,481,349,7.828921,4.023992
8136,990,495,364,7.828921,4.025297
8172,892,484,351,7.828921,4.026601
8148,950,475,359,7.835658,4.027907
8112,962,481,351,7.835658,4.029213
8176,900,486,349,7.835658,4.030519
8188,970,485,362,7.842394,4.031826
8092,870,477,346,7.835658,4.033133
8164,924,508,354,7.835658,4.034439
8204,954,477,352,7.835658,4.035745
8124,896,488,349,7.835658,4.037051
8172,924,462,349,7.828921,4.038355
8108,964,482,351,7.828921,4.039660
8136,872,497,352,7.828921,4.040965
8180,914,457,344,7.822185,4.042268
8372,842,487,360,7.822185,4.043572
8312,870,481,339,7.822185,4.044876
8308,976,488,369,7.822185,4.046179
8376,840,484,360,7.822185,4.047483
8340,924,462,356,7.822185,4.048787
8244,938,469,349,7.822185,4.050090
8324,892,490,360,7.822185,4.051394
8360,936,468,359,7.822185,4.052698
8324,862,476,352,7.822185,4.054001
8364,896,489,352,7.822185,4.055305
8332,954,477,362,7.822185,4.056609
8304,858,485,356,7.828921,4.057913
8292,908,454,351,7.828921,4.059218
8308,976,488,365,7.828921,4.060523
8308,862,467,341,7.828921,4.061827
8340,948,474,362,7.835658,4.063133
8384,868,477,357,7.835658,4.064439
8344,892,475,351,7.835658,4.065745
8344,962,481,364,7.842394,4.067052
8364,856,470,347,7.835658,4.068358
8336,928,464,359,7.842394,4.069665
8300,938,469,351,7.835658,4.070971
8332,882,485,356,7.835658,4.072278
8400,930,465,357,7.835658,4.073584
8328,866,464,342,7.835658,4.074890
8356,900,494,360,7.835658,4.076196
8372,932,466,352,7.828921,4.077500
8340,866,485,356,7.835658,4.078806
8368,890,445,344,7.828921,4.080111
8324,952,476,357,7.828921,4.081416
8372,862,494,362,7.828921,4.082720
8332,914,457,349,7.828921,4.084025
8360,870,494,369,7.828921,4.085330
8352,862,484,354,7.835658,4.086636
8324,956,478,359,7.835658,4.087942
8392,848,486,360,7.835658,4.089248
8360,902,451,349,7.835658,4.090554
8284,978,489,365,7.835658,4.091860
8392,846,486,360,7.842394,4.093167
8380,950,475,364,7.842394,4.094474
8352,840,486,360,7.842394,4.095781
8344,886,485,356,7.842394,4.097088
8380,980,490,372,7.849130,4.098396
8372,838,477,352,7.855866,4.099705
8356,922,461,356,7.849130,4.101013
8368,980,490,370,7.855866,4.102323
8340,852,479,352,7.855866,4.103632
8320,958,479,367,7.862603,4.104942
8384,842,485,364,7.869339,4.106254
8320,914,498,356,7.862603,4.107564
8148,982,491,362,7.869339,4.108876
8144,884,491,354,7.862603,4.110187
8144,950,475,359,7.862603,4.111497
8064,970,485,354,7.862603,4.112807
8180,910,505,362,7.862603,4.114118
8180,966,483,364,7.869339,4.115429
8148,888,493,359,7.869339,4.116741
8172,934,510,365,7.869339,4.118053
8196,982,491,365,7.869339,4.119365
8176,898,496,357,7.869339,4.120677
8160,938,469,354,7.869339,4.121988
8104,976,488,357,7.862603,4.123299
8124,902,499,356,7.862603,4.124609
8052,938,469,347,7.862603,4.125919
8152,890,498,362,7.855866,4.127229
8136,904,482,342,7.855866,4.128538
8140,998,499,369,7.855866,4.129848
8164,890,494,359,7.855866,4.131157
8176,940,470,357,7.855866,4.132466
8136,984,492,359,7.855866,4.133776
8156,888,480,344,7.849130,4.135084
8180,972,486,364,7.849130,4.136392
8068,876,489,356,7.849130,4.137700
8140,916,490,351,7.849130,4.139008
8208,1000,500,372,7.849130,4.140316
8164,882,481,347,7.849130,4.141623
8144,946,473,357,7.842394,4.142931
8208,980,490,362,7.842394,4.144238
8156,890,482,346,7.842394,4.145545
8156,962,481,359,7.842394,4.146852
8096,882,483,352,7.842394,4.148159
8168,926,493,351,7.835658,4.149465
8172,986,493,365,7.842394,4.150772
8140,888,486,352,7.842394,4.152079
8196,948,474,360,7.849130,4.153387
8148,944,472,344,7.835658,4.154693
8188,912,491,352,7.835658,4.155999
8212,954,477,357,7.835658,4.157305
8032,882,480,347,7.828921,4.158609
8172,920,509,362,7.835658,4.159915
8212,964,482,359,7.835658,4.161222
8144,894,488,351,7.835658,4.162528
8188,922,461,351,7.835658,4.163834
8180,966,483,356,7.828921,4.165138
8148,886,502,357,7.835658,4.166444
8128,918,459,341,7.828921,4.167749
8064,896,497,360,7.828921,4.169054
8188,886,497,356,7.828921,4.170358
8112,978,489,359,7.828921,4.171663
8192,842,493,365,7.835658,4.172969
8360,894,447,346,7.835658,4.174275
8300,972,486,364,7.828921,4.175580
8352,852,479,354,7.835658,4.176886
8376,950,475,364,7.835658,4.178192
8232,832,476,356,7.835658,4.179498
8364,888,487,357,7.842394,4.180805
8384,974,487,370,7.842394,4.182112
8348,844,479,356,7.849130,4.183420
8320,932,466,360,7.849130,4.184728
8316,960,480,362,7.849130,4.186036
8360,878,487,359,7.849130,4.187344
8352,928,464,356,7.849130,4.188652
8244,872,479,357,7.849130,4.189960
8372,906,495,364,7.855866,4.191269
8316,946,473,359,7.862603,4.192579
8332,870,488,359,7.862603,4.193890
8312,902,451,349,7.855866,4.195199
8252,968,484,360,7.855866,4.196508
8308,854,475,349,7.855866,4.197818
8356,946,473,364,7.855866,4.199127
8256,858,476,354,7.855866,4.200437
8312,884,470,341,7.849130,4.201745
8384,960,480,364,7.849130,4.203053
8320,856,466,344,7.849130,4.204360
8308,904,452,347,7.842394,4.205667
8308,930,465,349,7.835658,4.206974
8352,878,488,357,7.835658,4.208280
8292,900,450,342,7.828921,4.209584
8244,874,488,364,7.828921,4.210889
8368,860,490,357,7.828921,4.212193
8320,940,470,352,7.828921,4.213498
8344,840,486,359,7.828921,4.214803
8380,900,450,351,7.828921,4.216107
8300,970,485,362,7.828921,4.217412
8328,834,478,351,7.822185,4.218716
8376,954,477,367,7.828921,4.220020
8276,840,485,364,7.828921,4.221325
8352,890,487,359,7.835658,4.222631
8396,990,495,378,7.842394,4.223938
8384,838,482,359,7.842394,4.225245
8344,910,455,351,7.842394,4.226552
8356,966,483,364,7.842394,4.227859
8372,854,482,356,7.849130,4.229167
8328,946,473,362,7.855866,4.230476
8248,834,482,360,7.855866,4.231786
8360,896,487,356,7.855866,4.233095
8288,952,476,359,7.862603,4.234406
8328,872,483,357,7.862603,4.235716
8356,922,461,359,7.862603,4.237026
8168,966,483,354,7.862603,4.238337
8136,896,502,359,7.862603,4.239647
8164,948,474,357,7.862603,4.240957
8020,900,497,360,7.862603,4.242268
8076,900,488,347,7.862603,4.243578
8128,988,494,365,7.862603,4.244888
8132,874,490,352,7.855866,4.246198
8076,930,465,351,7.855866,4.247507
8140,984,492,360,7.849130,4.248815
8140,884,483,346,7.842394,4.250122
8148,948,474,354,7.842394,4.251429
8124,890,480,351,7.842394,4.252736
8204,930,495,354,7.842394,4.254043
8184,992,496,369,7.842394,4.255350
8156,884,485,352,7.842394,4.256657
8196,954,477,364,7.842394,4.257964
8144,968,484,354,7.842394,4.259271
8132,888,480,342,7.835658,4.260577
8192,952,476,357,7.835658,4.261883
8060,882,478,347,7.835658,4.263189
8140,910,507,360,7.835658,4.264495
8168,950,475,352,7.828921,4.265800
8140,892,495,354,7.828921,4.267105
8124,906,453,342,7.828921,4.268409
8132,990,495,364,7.828921,4.269714
8176,858,500,357,7.828921,4.271019
8128,930,465,344,7.828921,4.272323
8068,874,498,362,7.828921,4.273628
8176,890,494,354,7.828921,4.274932
8120,986,493,362,7.835658,4.276238
8148,854,488,352,7.835658,4.277544
8184,948,474,360,7.835658,4.278851
8124,982,491,360,7.828921,4.280155
8128,892,496,356,7.835658,4.281461
8196,978,489,369,7.835658,4.282767
8052,866,487,356,7.835658,4.284073
8160,920,504,359,7.842394,4.285380
8196,974,487,362,7.842394,4.286687
8184,894,496,359,7.849130,4.287995
8152,944,472,359,7.849130,4.289303
8112,978,489,360,7.849130,4.290611
8156,900,500,357,7.849130,4.291919
8104,940,470,351,7.855866,4.293229
8064,904,500,364,7.855866,4.294538
8164,902,490,351,7.849130,4.295846
8120,978,489,360,7.855866,4.297155
8156,876,489,352,7.855866,4.298465
8176,934,467,356,7.855866,4.299774
8156,996,498,365,7.855866,4.301084
8136,882,485,349,7.855866,4.302393
8224,950,475,364,7.855866,4.303702
8284,858,478,357,7.855866,4.305012
8336,886,470,342,7.849130,4.306320
8412,976,488,372,7.849130,4.307628
8392,862,476,356,7.849130,4.308936
8368,914,457,357,7.849130,4.310244
8400,980,490,372,7.855866,4.311553
8420,870,480,357,7.855866,4.312862
8372,940,470,364,7.855866,4.314172
8324,886,494,372,7.855866,4.315481
8436,896,489,362,7.862603,4.316792
8380,958,479,365,7.862603,4.318102
8408,882,493,367,7.869339,4.319414
8424,916,458,360,7.869339,4.320725
8336,962,481,364,7.869339,4.322037
8384,894,498,369,7.876075,4.323350
8432,950,475,370,7.882811,4.324664
8284,862,481,362,7.882811,4.325977
8404,904,497,365,7.882811,4.327291
8456,972,486,374,7.889547,4.328606
8420,858,482,360,7.889547,4.329921
8396,934,467,365,7.896284,4.331237
8412,998,499,380,7.903020,4.332554
8480,852,491,367,7.903020,4.333871
8432,924,462,357,7.903020,4.335188
8348,886,496,372,7.903020,4.336505
8480,880,504,374,7.909756,4.337824
8416,948,474,362,7.909756,4.339142
8416,888,492,367,7.909756,4.340461
8472,930,465,367,7.909756,4.341779
8444,948,474,360,7.909756,4.343098
8416,878,476,352,7.903020,4.344415
8444,952,476,369,7.903020,4.345732
8352,870,481,362,7.903020,4.347049
8368,894,480,354,7.896284,4.348365
8420,988,494,378,7.903020,4.349682
8416,870,488,364,7.903020,4.350999
8368,908,454,356,7.903020,4.352316
8420,986,493,375,7.903020,4.353633
8440,890,500,372,7.903020,4.354950
8388,930,465,360,7.903020,4.356267
8332,878,490,370,7.896284,4.357583
8456,922,501,372,7.903020,4.358900
8408,978,489,375,7.909756,4.360219
8444,866,488,367,7.903020,4.361536
8448,922,461,362,7.903020,4.362853
8392,988,494,374,7.903020,4.364170
8452,852,497,370,7.903020,4.365487
8448,924,462,359,7.903020,4.366804
8332,974,487,365,7.903020,4.368121
8392,902,508,364,7.909756,4.369439
8228,964,482,359,7.903020,4.370756
8196,908,498,359,7.903020,4.372073
8176,912,456,346,7.903020,4.373390
8184,970,485,357,7.896284,4.374706
8196,906,503,362,7.896284,4.376022
8168,936,468,352,7.896284,4.377338
8132,980,490,360,7.889547,4.378654
8244,928,509,367,7.889547,4.379969
8224,958,479,357,7.882811,4.381282
8188,900,484,351,7.876075,4.382595
8216,948,474,362,7.876075,4.383908
8156,964,482,356,7.869339,4.385220
8164,898,494,357,7.862603,4.386530
8204,962,481,362,7.862603,4.387840
8104,952,476,347,7.855866,4.389150
8180,926,497,356,7.849130,4.390458
8252,976,488,365,7.855866,4.391767
8160,886,481,349,7.849130,4.393075
8168,938,469,357,7.849130,4.394383
8208,974,487,362,7.849130,4.395691
8168,892,485,349,7.842394,4.396998
8164,960,480,362,7.849130,4.398306
8156,970,485,357,7.849130,4.399614
8216,924,496,356,7.849130,4.400922
8220,980,490,365,7.849130,4.402230
8228,896,485,354,7.849130,4.403538
8228,948,474,365,7.849130,4.404846
8180,1002,501,370,7.855866,4.406155
8220,892,496,362,7.855866,4.407465
8244,962,481,367,7.855866,4.408774
8112,1002,501,365,7.862603,4.410084
8200,904,496,357,7.862603,4.411395
8220,984,492,370,7.862603,4.412705
8208,908,503,365,7.869339,4.414017
8184,936,501,360,7.869339,4.415329
8208,996,498,372,7.876075,4.416641
8240,910,505,365,7.882811,4.417955
8216,954,477,360,7.882811,4.419269
8180,986,493,364,7.882811,4.420582
8220,928,505,364,7.889547,4.421897
8184,992,496,370,7.889547,4.423213
8224,872,496,364,7.889547,4.424528
8252,956,508,367,7.896284,4.425844
8204,1004,502,372,7.896284,4.427160
8228,880,498,364,7.903020,4.428477
8232,958,479,362,7.903020,4.429794
8112,1000,500,365,7.896284,4.431110
8212,884,497,359,7.896284,4.432426
8244,992,496,372,7.896284,4.433742
8240,866,496,369,7.903020,4.435059
8408,890,488,351,7.896284,4.436375
8408,970,485,369,7.896284,4.437691
8424,862,496,367,7.896284,4.439007
8412,896,448,346,7.896284,4.440323
8344,962,481,362,7.889547,4.441638
8444,894,500,369,7.889547,4.442954
8388,938,469,359,7.889547,4.444269
8424,888,487,367,7.889547,4.445584
8464,924,502,365,7.889547,4.446899
8448,946,473,360,7.889547,4.448214
8444,880,477,357,7.889547,4.449529
8440,948,474,370,7.889547,4.450844
8352,988,494,374,7.889547,4.452159
8432,892,491,365,7.889547,4.453475
8476,968,484,375,7.896284,4.454791
8432,886,487,364,7.896284,4.456107
8420,922,500,362,7.896284,4.457423
8420,966,483,370,7.896284,4.458739
8408,874,488,362,7.889547,4.460054
8376,952,476,369,7.896284,4.461370
8324,974,487,369,7.896284,4.462686
8408,888,488,360,7.896284,4.464002
8400,970,485,370,7.903020,4.465319
8428,854,481,360,7.903020,4.466636
8376,906,489,354,7.896284,4.467952
8340,978,489,370,7.903020,4.469269
8416,844,485,362,7.896284,4.470585
8400,940,470,364,7.896284,4.471901
8308,978,489,367,7.903020,4.473218
8380,874,486,359,7.903020,4.474535
8428,976,488,374,7.903020,4.475852
8416,844,488,364,7.903020,4.477170
8416,888,490,349,7.896284,4.478486
8424,978,489,372,7.896284,4.479802
8428,858,497,369,7.896284,4.481118
8416,912,456,356,7.896284,4.482434
8376,972,486,367,7.889547,4.483749
8440,892,502,370,7.896284,4.485065
8448,934,467,359,7.889547,4.486380
8460,882,479,360,7.889547,4.487695
8444,932,492,369,7.889547,4.489010
8432,988,494,378,7.896284,4.490326
8464,888,495,374,7.896284,4.491642
8492,942,471,372,7.903020,4.492959
8376,978,489,370,7.903020,4.494277
8492,918,504,377,7.909756,4.495595
8492,996,498,387,7.916492,4.496914
8460,858,496,374,7.923229,4.498235
8476,906,497,360,7.923229,4.499555
8360,988,494,369,7.916492,4.500875
8256,908,512,370,7.923229,4.502195
8248,946,473,359,7.923229,4.503515
8216,982,491,364,7.923229,4.504836
8212,926,494,356,7.916492,4.506155
8236,998,499,375,7.923229,4.507475
8264,910,499,367,7.923229,4.508796
8248,940,495,364,7.923229,4.510116
8216,1002,501,374,7.923229,4.511436
8284,918,516,377,7.929965,4.512758
8264,966,483,369,7.929965,4.514080
8180,988,494,365,7.929965,4.515402
8244,924,503,365,7.923229,4.516722
8388,976,488,372,7.835658,6.167359
8348,846,476,352,7.842394,6.168666
8352,928,464,359,7.842394,6.169973
8320,956,478,360,7.842394,6.171280
8336,880,488,357,7.842394,6.172587
8300,934,467,357,7.842394,6.173894
8344,864,482,359,7.849130,6.175202
8340,894,489,356,7.849130,6.176510
8296,948,474,357,7.849130,6.177818
8340,884,492,364,7.855866,6.179127
8328,906,453,352,7.849130,6.180435
8284,964,482,360,7.855866,6.181745
8332,864,476,349,7.849130,6.183053
8360,942,471,362,7.855866,6.184362
8232,862,487,362,7.855866,6.185671
8324,888,477,349,7.855866,6.186981
8364,978,489,372,7.855866,6.188290
8348,860,477,352,7.855866,6.189600
8336,920,460,357,7.855866,6.190909
8356,970,485,365,7.855866,6.192218
8344,868,472,347,7.849130,6.193526
8352,950,475,364,7.855866,6.194836
8316,870,490,369,7.855866,6.196145
8384,892,476,351,7.855866,6.197454
8360,978,489,372,7.855866,6.198764
8364,872,488,362,7.862603,6.200074
8352,914,457,356,7.862603,6.201385
8184,986,493,360,7.862603,6.202695
8124,884,481,344,7.855866,6.204004
8140,968,484,360,7.855866,6.205314
8008,866,484,349,7.855866,6.206623
8084,918,492,349,7.855866,6.207932
8156,974,487,360,7.855866,6.209242
8116,890,482,346,7.849130,6.210550
8156,934,467,354,7.849130,6.211858
8160,958,479,351,7.842394,6.213165
8156,902,502,359,7.842394,6.214472
8164,924,462,344,7.842394,6.215779
8088,906,488,356,7.835658,6.217085
8204,922,508,362,7.842394,6.218392
8164,962,481,356,7.842394,6.219699
8188,906,500,362,7.835658,6.221005
8232,934,467,356,7.835658,6.222311
8120,950,475,346,7.828921,6.223616
8192,908,503,360,7.828921,6.224920
8196,932,466,349,7.828921,6.226225
8012,890,485,349,7.822185,6.227529
8136,886,502,356,7.828921,6.228833
8140,966,483,356,7.828921,6.230138
8128,856,496,356,7.828921,6.231442
8084,918,459,344,7.828921,6.232747
8108,998,499,365,7.828921,6.234052
8132,870,489,351,7.828921,6.235356
8120,954,477,354,7.828921,6.236661
8028,874,484,351,7.828921,6.237966
8128,920,503,357,7.828921,6.239270
8084,964,482,356,7.835658,6.240576
8164,902,503,364,7.835658,6.241882
8180,936,468,357,7.835658,6.243188
8096,988,494,362,7.835658,6.244494
8152,896,503,362,7.835658,6.245800
8188,954,477,360,7.835658,6.247107
8044,902,497,360,7.842394,6.248414
8144,902,489,349,7.835658,6.249720
8168,988,494,367,7.842394,6.251027
8160,888,496,359,7.849130,6.252335
8108,926,463,351,7.849130,6.253643
8128,996,498,365,7.849130,6.254951
8112,874,478,341,7.842394,6.256258
8100,962,481,357,7.849130,6.257565
8080,882,482,351,7.842394,6.258873
8160,920,494,351,7.842394,6.260180
8128,938,469,344,7.842394,6.261487
8152,898,487,349,7.842394,6.262794
8184,918,459,349,7.835658,6.264100
8080,960,480,351,7.835658,6.265406
8140,870,502,359,7.835658,6.266712
8180,912,456,347,7.828921,6.268016
8204,844,484,359,7.828921,6.269321
8272,864,478,347,7.822185,6.270625
8332,978,489,370,7.828921,6.271929
8296,836,473,347,7.822185,6.273233
8296,904,452,347,7.822185,6.274537
8304,948,474,356,7.822185,6.275840
8348,878,491,360,7.822185,6.277144
8300,916,458,351,7.822185,6.278448
8244,878,488,364,7.822185,6.279751
8352,884,480,351,7.822185,6.281055
8308,958,479,362,7.822185,6.282359
8304,856,482,356,7.828921,6.283663
8336,908,454,354,7.828921,6.284968
8304,960,480,359,7.828921,6.286273
8308,854,465,341,7.828921,6.287577
8368,940,470,360,7.835658,6.288883
8284,858,469,351,7.835658,6.290189
8300,888,481,351,7.828921,6.291494
8352,944,472,357,7.835658,6.292800
8300,862,470,344,7.828921,6.294105
8308,896,448,347,7.828921,6.295409
8320,946,473,356,7.822185,6.296713
8352,852,490,359,7.828921,6.298018
8308,892,446,339,7.822185,6.299321
8216,852,483,357,7.822185,6.300625
8312,860,479,349,7.822185,6.301929
8268,956,478,359,7.822185,6.303232
8296,838,475,351,7.822185,6.304536
8336,920,460,357,7.822185,6.305840
8284,948,474,357,7.822185,6.307143
8300,880,491,360,7.822185,6.308447
8344,930,465,360,7.822185,6.309751
8240,876,483,360,7.822185,6.311054
8352,880,483,352,7.828921,6.312359
8348,954,477,362,7.828921,6.313663
8328,870,488,360,7.828921,6.314968
8264,888,444,344,7.828921,6.316273
8296,968,484,364,7.828921,6.317577
8328,860,470,346,7.828921,6.318882
8288,934,467,357,7.835658,6.320188
8260,852,470,351,7.835658,6.321494
8320,896,483,352,7.828921,6.322799
8336,932,466,352,7.835658,6.324105
8308,868,471,346,7.828921,6.325409
8360,884,442,342,7.828921,6.326714
8284,938,469,351,7.828921,6.328019
8320,838,492,360,7.828921,6.329323
8340,906,453,347,7.828921,6.330628
8268,978,489,364,7.828921,6.331933
8284,876,491,351,7.828921,6.333237
8148,1002,501,372,7.828921,6.334542
8196,862,500,362,7.828921,6.335846
8148,916,458,346,7.828921,6.337151
8144,1002,501,367,7.828921,6.338456
8184,864,495,357,7.828921,6.339760
8128,958,479,357,7.835658,6.341066
8060,986,493,359,7.828921,6.342371
8136,904,496,354,7.835658,6.343677
8100,980,490,360,7.835658,6.344983
8100,888,491,354,7.835658,6.346289
8156,946,504,360,7.842394,6.347596
8100,974,487,357,7.842394,6.348903
8136,892,501,357,7.842394,6.350210
8180,942,471,356,7.849130,6.351518
8076,996,498,364,7.855866,6.352828
8112,898,498,356,7.855866,6.354137
8116,978,489,362,7.855866,6.355446
8156,894,495,357,7.855866,6.356756
8100,920,478,349,7.855866,6.358065
8108,990,495,362,7.849130,6.359373
8144,882,481,346,7.849130,6.360681
8140,958,479,357,7.849130,6.361989
8096,964,482,351,7.842394,6.363296
8172,912,490,351,7.842394,6.364603
8196,986,493,367,7.842394,6.365910
8116,880,480,347,7.842394,6.367217
8152,944,503,360,7.842394,6.368524
8148,958,479,352,7.842394,6.369831
8116,896,485,346,7.835658,6.371137
8176,940,470,354,7.835658,6.372443
8052,960,480,347,7.835658,6.373749
8132,874,501,356,7.835658,6.375055
8148,950,475,351,7.828921,6.376360
8184,884,503,364,7.828921,6.377665
8112,900,493,341,7.828921,6.378969
8108,1000,500,367,7.828921,6.380274
8172,862,492,354,7.828921,6.381578
8124,950,475,354,7.828921,6.382883
8064,976,488,356,7.828921,6.384188
8164,914,498,357,7.828921,6.385492
8144,984,492,365,7.835658,6.386798
8132,866,489,354,7.835658,6.388104
8176,936,511,357,7.835658,6.389410
8172,978,489,362,7.835658,6.390717
8160,902,501,362,7.835658,6.392023
8188,968,484,367,7.842394,6.393330
8128,984,492,362,7.842394,6.394637
8168,918,501,357,7.849130,6.395945
8196,984,492,367,7.855866,6.397254
8188,866,483,359,7.855866,6.398563
8336,912,497,356,7.855866,6.399873
8296,946,473,357,7.855866,6.401182
8376,882,493,365,7.855866,6.402492
8356,926,463,359,7.862603,6.403802
8268,960,480,359,7.862603,6.405112
8396,910,497,367,7.869339,6.406424
8380,950,475,365,7.869339,6.407736
8376,868,485,360,7.869339,6.409048
8420,918,502,360,7.876075,6.410360
8384,956,478,364,7.869339,6.411672
8352,880,490,362,7.876075,6.412985
8400,950,475,370,7.882811,6.414299
8316,962,481,362,7.882811,6.415612
8380,898,490,359,7.876075,6.416925
8404,962,481,369,7.876075,6.418238
8424,858,485,364,7.882811,6.419551
8344,914,496,356,7.882811,6.420865
8316,954,477,360,7.876075,6.422178
8408,874,489,364,7.876075,6.423491
8400,946,473,365,7.882811,6.424804
8312,962,481,362,7.882811,6.426118
8384,892,488,359,7.882811,6.427432
8384,974,487,374,7.889547,6.428747
8384,838,483,360,7.889547,6.430062
8400,912,496,357,7.882811,6.431376
8380,980,490,370,7.882811,6.432689
8356,848,480,356,7.882811,6.434003
8376,946,473,367,7.889547,6.435318
8320,976,488,367,7.889547,6.436633
8392,866,485,357,7.882811,6.437947
8408,970,485,370,7.882811,6.439260
8408,844,490,365,7.889547,6.440576
8316,888,485,346,7.882811,6.441889
8324,976,488,369,7.882811,6.443203
8392,850,483,359,7.882811,6.444517
8348,936,468,360,7.882811,6.445830
8312,966,483,362,7.882811,6.447144
8356,876,484,356,7.882811,6.448458
8356,968,484,369,7.882811,6.449771
8332,834,478,354,7.876075,6.451084
8360,912,497,356,7.876075,6.452397
8344,954,477,360,7.876075,6.453710
8320,870,486,359,7.869339,6.455021
8328,938,469,362,7.876075,6.456334
8252,952,476,356,7.869339,6.457646
8324,890,487,354,7.869339,6.458958
8324,938,469,357,7.862603,6.460268
8360,880,490,364,7.862603,6.461578
8280,876,476,341,7.855866,6.462888
8172,986,493,362,7.855866,6.464197
8120,878,490,352,7.849130,6.465505
8104,948,474,356,7.855866,6.466815
8060,966,483,351,7.849130,6.468122
8104,906,488,347,7.842394,6.469429
8100,946,473,349,7.842394,6.470737
8072,888,477,341,7.835658,6.472043
8112,894,496,339,7.828921,6.473347
8096,970,485,354,7.822185,6.474651
8112,840,494,354,7.822185,6.475955
8120,930,465,347,7.822185,6.477258
8076,994,497,362,7.822185,6.478562
8068,882,491,349,7.815449,6.479865
8096,964,482,357,7.815449,6.481167
8136,882,489,354,7.815449,6.482470
8076,908,491,344,7.815449,6.483773
8076,978,489,357,7.815449,6.485075
8108,884,490,351,7.808712,6.486377
8080,932,466,349,7.808712,6.487678
8044,954,477,344,7.801976,6.488978
8116,900,486,346,7.801976,6.490279
8136,950,475,352,7.801976,6.491579
8068,878,484,347,7.801976,6.492879
8128,888,505,338,7.795240,6.494179
8100,964,482,352,7.795240,6.495478
8088,850,493,352,7.801976,6.496778
8080,940,470,351,7.808712,6.498080
8080,976,488,356,7.808712,6.499381
8072,892,489,344,7.801976,6.500681
8092,946,473,351,7.801976,6.501982
8144,902,495,357,7.801976,6.503282
8092,904,486,344,7.801976,6.504582
8060,980,490,357,7.801976,6.505883
8140,872,487,351,7.801976,6.507183
8096,942,471,352,7.801976,6.508483
8060,960,480,349,7.801976,6.509784
8100,900,493,351,7.801976,6.511084
8136,928,464,344,7.795240,6.512383
8084,888,488,349,7.801976,6.513684
8144,892,498,341,7.795240,6.514983
8116,978,489,357,7.801976,6.516284
8112,844,487,347,7.801976,6.517584
8116,932,466,347,7.801976,6.518884
8116,990,495,362,7.808712,6.520185
8124,884,493,352,7.808712,6.521487
8104,972,486,362,7.808712,6.522788
8164,874,493,359,7.808712,6.524089
8168,932,506,357,7.815449,6.525392
8116,964,482,354,7.815449,6.526695
8140,908,502,360,7.815449,6.527997
8180,914,457,352,7.822185,6.529301
8236,954,477,354,7.822185,6.530605
8340,864,476,349,7.815449,6.531908
8332,942,471,360,7.822185,6.533211
8324,852,482,359,7.822185,6.534515
8292,888,476,347,7.822185,6.535819
8344,966,483,364,7.828921,6.537123
8288,852,463,339,7.828921,6.538428
8308,914,457,352,7.828921,6.539732
8312,928,464,347,7.828921,6.541037
8332,872,490,357,7.828921,6.542342
8324,898,449,341,7.828921,6.543646
8352,872,484,357,7.828921,6.544951
8332,862,481,338,7.822185,6.546255
8268,962,481,360,7.822185,6.547558
8344,824,485,359,7.822185,6.548862
8316,916,458,352,7.822185,6.550166
8208,942,471,349,7.815449,6.551468
8284,880,487,356,7.815449,6.552771
8352,932,466,357,7.815449,6.554074
8296,864,477,352,7.815449,6.555377
8296,878,480,349,7.815449,6.556679
8332,962,481,364,7.815449,6.557982
8308,856,478,351,7.815449,6.559285
8264,910,455,351,7.815449,6.560587
8292,960,480,359,7.815449,6.561890
8288,864,469,341,7.815449,6.563193
8296,932,466,354,7.815449,6.564496
8316,864,471,351,7.815449,6.565798
8356,894,493,357,7.815449,6.567101
8336,918,459,344,7.822185,6.568405
8352,878,488,359,7.822185,6.569708
8372,890,445,344,7.822185,6.571012
8284,952,476,356,7.822185,6.572316
8336,852,493,362,7.822185,6.573619
8356,916,458,351,7.822185,6.574923
8356,862,487,362,7.828921,6.576228
8340,868,483,354,7.822185,6.577531
8380,974,487,370,7.828921,6.578836
8356,836,489,362,7.835658,6.580142
8296,890,445,341,7.828921,6.581447
8320,972,486,365,7.828921,6.582751
8336,850,478,351,7.828921,6.584056
8252,938,469,356,7.828921,6.585361
8172,840,475,352,7.828921,6.586665
8328,904,491,357,7.835658,6.587971
8280,944,472,357,7.835658,6.589277
8304,876,491,362,7.842394,6.590584
8332,904,452,351,7.835658,6.591890
8252,962,481,359,7.842394,6.593197
8284,872,482,344,7.835658,6.594503
8136,968,484,360,7.842394,6.595810
8016,874,483,347,7.842394,6.597117
8044,908,488,344,7.835658,6.598423
8096,954,477,349,7.835658,6.599730
8080,890,488,347,7.828921,6.601034
8076,904,452,339,7.822185,6.602338
8072,990,495,360,7.822185,6.603642
8128,852,492,351,7.815449,6.604944
8068,950,475,349,7.822185,6.606248
7980,856,483,349,7.815449,6.607551
8112,920,499,354,7.815449,6.608853
8036,948,474,346,7.808712,6.610155
8056,874,490,349,7.808712,6.611456
8076,924,462,347,7.808712,6.612757
8076,976,488,354,7.808712,6.614058
8056,880,480,341,7.801976,6.615359
8120,948,474,352,7.801976,6.616659
8004,882,477,344,7.795240,6.617959
8108,902,498,352,7.795240,6.619258
8120,962,481,354,7.795240,6.620557
8156,870,500,359,7.801976,6.621858
8120,900,450,338,7.795240,6.623157
8112,994,497,362,7.801976,6.624457
8156,866,492,354,7.801976,6.625758
8104,960,480,356,7.808712,6.627059
7992,850,484,351,7.808712,6.628360
8104,920,502,356,7.808712,6.629662
8056,958,479,351,7.808712,6.630963
8052,888,494,352,7.808712,6.632264
8096,926,463,351,7.808712,6.633565
8048,972,486,352,7.808712,6.634867
8048,878,474,334,7.808712,6.636168
8128,944,472,351,7.808712,6.637469
8000,884,480,346,7.801976,6.638770
8096,864,494,349,7.808712,6.640071
8100,962,481,352,7.808712,6.641372
8148,852,494,356,7.808712,6.642673
8076,924,462,346,7.808712,6.643975
8056,970,485,354,7.808712,6.645276
8128,892,496,356,7.808712,6.646577
8088,940,470,349,7.808712,6.647879
7988,894,491,354,7.808712,6.649180
8104,902,486,346,7.808712,6.650481
8064,972,486,356,7.808712,6.651783
8048,858,468,333,7.801976,6.653083
8088,930,465,349,7.795240,6.654382
8052,938,469,339,7.795240,6.655682
8056,846,491,346,7.788504,6.656980
8072,922,461,339,7.788504,6.658278
8096,834,479,354,7.788504,6.659575
8272,886,486,354,7.795240,6.660875
8304,948,474,359,7.795240,6.662174
8356,872,485,360,7.801976,6.663475
8332,912,456,354,7.801976,6.664775
8252,946,473,354,7.801976,6.666075
8316,876,484,356,7.801976,6.667376
8296,918,459,351,7.808712,6.668677
8216,862,480,356,7.808712,6.669978
8340,878,472,346,7.801976,6.671278
8348,974,487,370,7.808712,6.672580
8312,848,472,349,7.808712,6.673881
8340,922,461,359,7.815449,6.675184
8372,958,479,362,7.815449,6.676486
8328,864,467,342,7.815449,6.677789
8348,938,469,360,7.822185,6.679093
8276,858,466,347,7.822185,6.680397
8328,890,486,354,7.828921,6.681701
8352,930,465,352,7.828921,6.683006
8376,876,480,357,7.835658,6.684312
8388,912,456,356,7.835658,6.685618
8336,938,469,354,7.828921,6.686923
8380,886,493,364,7.835658,6.688229
8388,914,457,352,7.835658,6.689535
8260,872,467,346,7.828921,6.690839
8388,896,495,362,7.828921,6.692144
8368,934,467,356,7.835658,6.693450
8332,864,486,359,7.835658,6.694756
8364,880,440,342,7.835658,6.696062
8372,950,475,359,7.828921,6.697367
8352,866,494,362,7.835658,6.698673
8380,912,456,352,7.828921,6.699977
8300,888,486,364,7.835658,6.701283
8400,876,496,364,7.842394,6.702590
8400,936,468,357,7.835658,6.703897
8432,884,491,365,7.842394,6.705204
8408,904,452,354,7.842394,6.706511
8336,944,472,356,7.849130,6.707819
8392,886,495,365,7.849130,6.709126
8376,906,453,349,7.849130,6.710434
8264,878,469,349,7.842394,6.711741
8424,902,499,367,7.849130,6.713049
8396,936,468,357,7.849130,6.714357
8348,870,482,357,7.849130,6.715665
8400,904,452,354,7.849130,6.716973
8384,936,468,354,7.849130,6.718281
8328,876,487,357,7.849130,6.719589
8348,908,454,349,7.849130,6.720897
8280,956,478,357,7.849130,6.722205
8328,860,488,354,7.849130,6.723513
8216,950,475,351,7.849130,6.724821
8164,868,502,362,7.842394,6.726128
8096,904,452,341,7.835658,6.727434
8052,998,499,364,7.842394,6.728741
8124,862,491,352,7.835658,6.730047
8096,950,475,352,7.835658,6.731353
7972,962,481,346,7.828921,6.732658
8104,918,503,357,7.828921,6.733963
8108,966,483,357,7.828921,6.735267
8100,892,492,352,7.835658,6.736573
8100,918,480,349,7.828921,6.737878
8096,988,494,360,7.828921,6.739182
8052,862,476,338,7.822185,6.740486
8076,936,468,347,7.815449,6.741789
8044,954,477,346,7.815449,6.743092
8112,888,499,354,7.815449,6.744394
8060,948,474,347,7.815449,6.745697
8136,864,501,362,7.815449,6.747000
8108,906,490,342,7.808712,6.748301
8060,972,486,352,7.815449,6.749604
8088,884,490,351,7.808712,6.750905
8116,948,474,356,7.815449,6.752208
7984,966,483,349,7.808712,6.753509
8116,894,492,349,7.808712,6.754810
8100,970,485,359,7.808712,6.756112
8080,860,484,346,7.808712,6.757413
8044,920,489,346,7.808712,6.758714
8124,964,482,354,7.801976,6.760015
8076,884,484,342,7.801976,6.761315
8112,914,457,341,7.801976,6.762615
8056,980,490,354,7.795240,6.763915
8092,860,489,346,7.801976,6.765215
8068,968,484,354,7.801976,6.766515
8128,858,484,349,7.801976,6.767816
8112,930,501,351,7.801976,6.769116
8060,964,482,352,7.801976,6.770416
8120,892,498,356,7.801976,6.771717
8128,938,469,352,7.801976,6.773017
8012,988,494,357,7.808712,6.774318
8092,888,488,347,7.808712,6.775620
8124,980,490,364,7.808712,6.776921
8080,866,475,341,7.808712,6.778222
8076,924,488,349,7.808712,6.779523
8116,942,471,344,7.801976,6.780824
8080,876,493,349,7.801976,6.782124
8084,896,448,333,7.795240,6.783423
8064,992,496,359,7.801976,6.784724
8140,872,488,349,7.801976,6.786024
8064,976,488,359,7.808712,6.787325
8112,848,485,351,7.808712,6.788627
8164,924,493,357,7.808712,6.789928
8264,942,471,354,7.808712,6.791229
8304,876,491,360,7.815449,6.792532
8336,912,456,352,7.815449,6.793835
8216,958,479,354,7.815449,6.795137
8280,860,467,339,7.808712,6.796439
8332,954,477,362,7.815449,6.797741
8276,844,463,341,7.808712,6.799043
8272,894,489,346,7.808712,6.800344
8328,930,465,351,7.801976,6.801644
8336,872,482,354,7.808712,6.802946
8328,902,451,347,7.808712,6.804247
8304,960,480,360,7.808712,6.805548
8392,874,494,362,7.815449,6.806851
8340,914,457,346,7.822185,6.808155
8348,866,488,360,7.822185,6.809458
8380,876,490,342,7.815449,6.810761
8308,960,480,360,7.815449,6.812064
8336,830,486,359,7.822185,6.813367
8356,916,458,354,7.822185,6.814671
8260,970,485,362,7.822185,6.815975
8308,864,481,352,7.822185,6.817278
8356,972,486,372,7.828921,6.818583
8340,834,477,354,7.828921,6.819888
8324,900,490,349,7.828921,6.821192
8328,948,474,357,7.828921,6.822497
8328,866,483,356,7.835658,6.823803
8272,910,455,349,7.835658,6.825109
8240,962,481,359,7.835658,6.826415
8368,892,490,359,7.835658,6.827721
8268,934,467,354,7.842394,6.829028
8260,856,479,352,7.835658,6.830334
8312,896,474,351,7.835658,6.831640
8300,954,477,357,7.835658,6.832946
8244,848,462,336,7.828921,6.834251
8312,898,449,344,7.828921,6.835556
8208,938,469,346,7.828921,6.836860
8280,832,485,352,7.822185,6.838164
8292,936,468,352,7.822185,6.839468
8304,824,474,349,7.822185,6.840771
8232,894,486,346,7.815449,6.842074
8252,946,473,356,7.808712,6.843375
8284,870,484,352,7.808712,6.844676
8192,890,445,339,7.808712,6.845978
8204,952,476,352,7.808712,6.847279
8272,870,470,342,7.801976,6.848579
8296,920,460,347,7.801976,6.849880
8272,862,466,341,7.795240,6.851179
8352,874,493,341,7.788504,6.852477
8264,930,465,347,7.788504,6.853775
8236,824,489,349,7.781767,6.855072
8068,938,469,349,7.781767,6.856369
8020,960,480,347,7.781767,6.857666
8024,896,497,351,7.788504,6.858964
8032,946,473,349,7.788504,6.860262
8060,882,487,347,7.788504,6.861560
7984,900,473,338,7.781767,6.862857
8052,946,473,344,7.781767,6.864154
8084,890,491,349,7.781767,6.865451
8060,894,447,333,7.775031,6.866747
8008,978,489,352,7.775031,6.868043
8080,870,483,342,7.768295,6.869338
8036,954,477,351,7.775031,6.870634
8020,870,485,346,7.775031,6.871930
8032,884,473,334,7.768295,6.873224
8044,972,486,352,7.775031,6.874520
7996,860,474,334,7.768295,6.875815
8040,886,443,328,7.768295,6.877110
8004,980,490,352,7.768295,6.878404
8012,856,481,341,7.761559,6.879698
8060,962,481,356,7.768295,6.880992
8108,874,488,352,7.768295,6.882287
8088,910,491,346,7.768295,6.883582
8052,970,485,354,7.768295,6.884876
8100,878,485,347,7.768295,6.886171
8056,930,465,347,7.775031,6.887467
8032,938,469,339,7.768295,6.888762
8140,906,492,349,7.768295,6.890056
8160,938,469,349,7.775031,6.891352
8100,882,487,351,7.775031,6.892648
8136,880,503,336,7.775031,6.893944
8120,972,486,356,7.775031,6.895240
8068,842,487,347,7.775031,6.896536
8016,932,466,346,7.781767,6.897833
7976,952,476,342,7.775031,6.899129
8008,868,478,336,7.775031,6.900425
8012,950,475,347,7.781767,6.901722
8012,864,468,334,7.775031,6.903018
8044,884,496,333,7.775031,6.904315
8040,952,476,344,7.768295,6.905609
8116,852,486,347,7.768295,6.906904
8096,936,468,349,7.768295,6.908198
8008,960,480,347,7.768295,6.909493
8064,888,493,347,7.768295,6.910788
8048,938,469,346,7.768295,6.912082
8036,860,484,347,7.768295,6.913377
8008,900,483,339,7.768295,6.914671
8092,946,473,346,7.768295,6.915966
8092,882,490,349,7.761559,6.917260
8096,900,450,338,7.768295,6.918554
8124,966,483,357,7.768295,6.919849
8244,830,469,339,7.761559,6.921143
8244,922,461,347,7.761559,6.922436
8272,862,475,351,7.768295,6.923731
8252,872,474,342,7.768295,6.925025
8232,948,474,354,7.768295,6.926320
8292,848,465,342,7.775031,6.927616
8332,924,462,357,7.781767,6.928913
8240,924,462,344,7.781767,6.930210
8292,876,486,354,7.781767,6.931507
8356,914,457,351,7.781767,6.932804
8300,866,474,349,7.781767,6.934101
8304,858,482,351,7.788504,6.935399
8324,958,479,360,7.788504,6.936697
8308,824,479,351,7.795240,6.937996
8268,902,451,344,7.795240,6.939296
8284,944,472,352,7.795240,6.940595
8296,872,484,352,7.795240,6.941895
8252,916,458,349,7.801976,6.943195
8188,872,484,359,7.801976,6.944495
8356,896,485,354,7.808712,6.945796
8300,958,479,362,7.808712,6.947098
8328,870,489,362,7.815449,6.948400
8344,912,456,356,7.822185,6.949704
8284,964,482,359,7.822185,6.951008
8308,858,468,342,7.822185,6.952312
8340,942,471,360,7.822185,6.953615
8240,854,469,349,7.822185,6.954919
8284,892,482,351,7.822185,6.956223
8348,952,476,360,7.828921,6.957527
8308,864,470,346,7.822185,6.958831
8300,904,452,349,7.822185,6.960135
8280,942,471,352,7.822185,6.961438
8352,858,492,359,7.822185,6.962742
8308,896,448,339,7.822185,6.964046
8216,860,487,360,7.828921,6.965350
8340,864,483,354,7.828921,6.966655
8288,966,483,362,7.828921,6.967959
8324,830,478,354,7.828921,6.969264
8344,926,463,359,7.828921,6.970569
8312,964,482,362,7.828921,6.971873
8336,870,485,357,7.828921,6.973178
8372,962,481,370,7.835658,6.974484
8248,844,480,359,7.835658,6.975790
8328,892,489,356,7.835658,6.977096
8384,962,481,365,7.842394,6.978403
8372,858,482,357,7.842394,6.979710
8320,928,464,359,7.842394,6.981017
8312,960,480,362,7.849130,6.982325
8384,886,489,360,7.849130,6.983633
8264,958,479,360,7.855866,6.984942
8032,890,493,359,7.855866,6.986252
8172,932,510,364,7.855866,6.987561
8096,964,482,356,7.862603,6.988872
8144,896,500,359,7.862603,6.990182
8160,936,468,356,7.862603,6.991492
8072,982,491,359,7.862603,6.992803
8112,896,500,359,7.862603,6.994113
8164,962,481,364,7.869339,6.995425
8056,906,500,364,7.869339,6.996737
8136,898,486,346,7.862603,6.998047
8144,986,493,364,7.862603,6.999357
8148,886,497,359,7.862603,7.000668
8092,924,462,349,7.862603,7.001978
8140,998,499,367,7.862603,7.003288
8152,884,481,346,7.855866,7.004598
8128,968,484,362,7.855866,7.005907
8076,878,488,356,7.855866,7.007216
8156,916,489,349,7.849130,7.008524
8172,986,493,364,7.855866,7.009834
8132,880,478,344,7.849130,7.011142
8192,950,475,362,7.849130,7.012450
8140,958,479,351,7.849130,7.013758
8120,894,492,352,7.842394,7.015065
8188,958,479,360,7.842394,7.016372
8040,878,475,342,7.842394,7.017679
8108,908,497,351,7.835658,7.018985
8152,958,479,354,7.835658,7.020291
8172,890,501,360,7.828921,7.021595
8136,888,444,334,7.828921,7.022900
8116,986,493,359,7.828921,7.024205
8160,854,495,356,7.822185,7.025508
8088,948,474,351,7.828921,7.026813
8052,856,495,360,7.822185,7.028117
8168,904,496,356,7.828921,7.029421
8132,990,495,365,7.828921,7.030726
8124,874,490,354,7.828921,7.032031
8156,954,477,362,7.828921,7.033335
8080,968,484,354,7.828921,7.034640
8152,894,501,359,7.835658,7.035946
8192,948,474,357,7.828921,7.037251
8076,892,493,360,7.835658,7.038557
8152,924,508,364,7.835658,7.039863
8156,982,491,365,7.842394,7.041170
8180,904,498,360,7.849130,7.042478
8124,926,463,352,7.849130,7.043786
8116,984,492,362,7.849130,7.045094
8196,900,505,364,7.849130,7.046402
8124,938,469,351,7.855866,7.047711
8036,892,497,360,7.855866,7.049020
8172,888,483,356,7.855866,7.050330
8340,962,481,365,7.862603,7.051640
8308,862,482,357,7.862603,7.052950
8356,914,457,359,7.862603,7.054261
8328,970,485,364,7.862603,7.055571
8324,854,466,342,7.855866,7.056880
8364,940,470,362,7.855866,7.058190
8292,860,478,357,7.855866,7.059499
8300,876,476,347,7.855866,7.060809
8372,964,482,367,7.855866,7.062118
8356,864,469,347,7.855866,7.063427
8324,920,460,357,7.849130,7.064735
8356,950,475,359,7.849130,7.066043
8376,874,477,352,7.849130,7.067351
8356,928,464,356,7.849130,7.068659
8292,934,467,349,7.842394,7.069966
8420,906,490,360,7.842394,7.071273
8400,960,480,367,7.849130,7.072581
8332,864,472,351,7.842394,7.073888
8380,930,465,364,7.849130,7.075196
8388,954,477,360,7.842394,7.076503
8340,866,469,344,7.842394,7.077810
8376,942,471,364,7.842394,7.079117
8288,938,469,351,7.835658,7.080423
8324,886,485,354,7.842394,7.081730
8380,940,470,357,7.842394,7.083037
8340,866,470,347,7.835658,7.084343
8316,900,496,349,7.835658,7.085649
8312,938,469,352,7.835658,7.086956
8372,878,494,364,7.835658,7.088262
8348,892,446,342,7.835658,7.089568
8272,956,478,356,7.828921,7.090872
8436,874,500,369,7.835658,7.092178
8364,932,466,354,7.835658,7.093484
8376,874,497,370,7.842394,7.094791
8424,898,507,354,7.842394,7.096098
8404,946,473,359,7.842394,7.097405
8408,894,487,359,7.842394,7.098712
8452,942,471,367,7.842394,7.100019
8320,940,470,352,7.842394,7.101326
8352,892,489,357,7.842394,7.102633
8412,952,476,364,7.842394,7.103940
8368,872,472,351,7.842394,7.105247
8352,922,492,360,7.849130,7.106555
8380,954,477,362,7.849130,7.107863
8388,876,478,354,7.849130,7.109171
8364,934,467,359,7.855866,7.110481
8300,938,469,351,7.855866,7.111790
8384,896,484,356,7.849130,7.113098
8356,946,473,359,7.855866,7.114408
8296,878,484,351,7.855866,7.115717
8156,940,513,359,7.849130,7.117025
8136,956,478,349,7.849130,7.118333
8128,904,493,352,7.842394,7.119640
8164,932,466,351,7.842394,7.120947
8064,970,485,352,7.842394,7.122254
8148,880,504,359,7.842394,7.123561
8144,948,474,351,7.835658,7.124867
8164,884,503,364,7.842394,7.126174
8124,898,496,341,7.835658,7.127480
8112,1000,500,367,7.835658,7.128786
8172,864,496,357,7.835658,7.130092
8128,940,470,351,7.835658,7.131398
8080,988,494,359,7.835658,7.132704
8172,896,496,356,7.835658,7.134010
8152,990,495,367,7.835658,7.135316
8148,856,490,356,7.835658,7.136622
8180,938,507,357,7.835658,7.137928
8152,988,494,364,7.842394,7.139235
8120,880,492,354,7.842394,7.140543
8164,972,486,367,7.842394,7.141850
8100,978,489,359,7.849130,7.143157
8160,910,497,354,7.849130,7.144465
8196,984,492,367,7.855866,7.145775
8168,874,491,357,7.855866,7.147084
8124,932,507,354,7.855866,7.148394
8088,968,484,356,7.855866,7.149703
8156,902,503,362,7.855866,7.151012
8104,932,466,349,7.855866,7.152322
8036,990,495,359,7.855866,7.153631
8132,898,484,346,7.849130,7.154939
8092,972,486,359,7.855866,7.156249
8092,866,473,339,7.849130,7.157557
8124,930,493,354,7.849130,7.158864
8164,966,483,356,7.842394,7.160172
8112,884,488,349,7.842394,7.161479
8184,936,468,352,7.835658,7.162785
8116,958,479,349,7.835658,7.164091
8116,900,500,354,7.835658,7.165397
8144,946,473,351,7.828921,7.166701
8188,902,500,362,7.828921,7.168006
8152,886,494,338,7.822185,7.169310
8128,970,485,354,7.822185,7.170613
8196,860,500,360,7.822185,7.171917
8128,928,464,347,7.815449,7.173220
8064,1000,500,364,7.822185,7.174523
8172,880,496,357,7.815449,7.175826
8148,982,491,364,7.822185,7.177130
8120,860,485,351,7.822185,7.178433
8164,942,504,360,7.828921,7.179738
8232,970,485,365,7.828921,7.181043
8336,850,478,351,7.828921,7.182347
8372,936,468,362,7.835658,7.183653
8312,958,479,360,7.835658,7.184959
8336,888,492,360,7.842394,7.186266
8336,942,471,360,7.842394,7.187573
8384,870,484,362,7.849130,7.188881
8380,916,495,360,7.849130,7.190189
8356,954,477,362,7.849130,7.191497
8380,888,489,362,7.849130,7.192805
8356,928,464,359,7.862603,7.194116
8228,954,477,357,7.862603,7.195426
8388,892,497,367,7.862603,7.196736
8356,936,468,359,7.869339,7.198048
8324,878,488,362,7.869339,7.199360
8356,908,493,357,7.869339,7.200672
8344,956,478,362,7.862603,7.201982
8348,878,487,357,7.869339,7.203294
8356,914,457,356,7.869339,7.204606
8304,974,487,365,7.869339,7.205917
8332,866,485,356,7.869339,7.207229
8332,942,471,360,7.869339,7.208541
8392,884,494,369,7.869339,7.209853
8336,892,477,351,7.869339,7.211164
8344,972,486,369,7.869339,7.212476
8400,888,491,365,7.869339,7.213788
8364,918,459,357,7.869339,7.215100
8300,976,488,367,7.869339,7.216412
8420,886,496,367,7.876075,7.217724
8400,944,472,364,7.876075,7.219037
8380,888,491,367,7.876075,7.220350
8416,932,505,370,7.882811,7.221663
8420,968,484,370,7.882811,7.222977
8416,864,486,362,7.882811,7.224291
8428,946,473,369,7.889547,7.225606
8364,984,492,372,7.889547,7.226921
8372,866,487,360,7.889547,7.228236
8372,966,483,370,7.896284,7.229552
8396,846,487,364,7.896284,7.230868
8332,884,482,346,7.889547,7.232183
8348,972,486,367,7.896284,7.233500
8384,848,483,359,7.889547,7.234815
8352,934,467,360,7.896284,7.236131
8296,978,489,369,7.896284,7.237447
8400,864,489,364,7.896284,7.238763
8400,960,480,367,7.896284,7.240079
8380,852,487,364,7.896284,7.241395
8392,894,490,354,7.889547,7.242710
8392,982,491,372,7.896284,7.244026
8396,832,491,364,7.896284,7.245342
8336,922,461,351,7.889547,7.246657
8160,1012,506,372,7.889547,7.247972
8172,880,506,364,7.889547,7.249288
8180,960,480,359,7.882811,7.250601
8220,914,508,370,7.882811,7.251915
8184,894,503,359,7.882811,7.253229
8184,970,485,359,7.882811,7.254542
8220,896,508,367,7.882811,7.255856
8176,912,456,346,7.882811,7.257170
8108,986,493,360,7.882811,7.258483
8212,900,514,370,7.882811,7.259797
8180,936,468,349,7.882811,7.261111
8156,902,494,357,7.876075,7.262424
8180,896,500,356,7.876075,7.263736
8136,970,485,357,7.869339,7.265048
8148,854,499,357,7.869339,7.266360
8152,916,458,344,7.862603,7.267670
8076,996,498,362,7.862603,7.268981
8072,868,488,347,7.855866,7.270290
8108,972,486,362,7.855866,7.271599
8160,872,489,356,7.855866,7.272909
8128,924,501,354,7.849130,7.274217
8108,968,484,357,7.849130,7.275525
8148,906,500,360,7.842394,7.276832
8116,928,464,351,7.842394,7.278139
8056,986,493,359,7.842394,7.279446
8168,888,498,357,7.842394,7.280753
8140,956,478,357,7.842394,7.282060
8112,890,499,362,7.842394,7.283367
8144,916,490,351,7.835658,7.284673
8184,996,498,369,7.842394,7.285980
8148,882,487,349,7.842394,7.287287
8152,940,470,357,7.842394,7.288594
8128,992,496,362,7.842394,7.289901
8096,876,480,342,7.835658,7.291207
8092,954,477,352,7.842394,7.292514
8032,876,478,346,7.835658,7.293820
8132,916,502,356,7.835658,7.295126
8144,952,476,351,7.835658,7.296432
8176,908,501,362,7.835658,7.297738
8220,928,464,352,7.835658,7.299044
8112,950,475,346,7.835658,7.300350
8208,906,507,364,7.835658,7.301656
8220,938,469,352,7.835658,7.302962
8020,890,490,356,7.835658,7.304268
8184,900,511,365,7.835658,7.305574
8188,960,480,356,7.835658,7.306880
8136,890,500,359,7.835658,7.308187
8156,916,458,347,7.835658,7.309493
8124,990,495,362,7.828921,7.310797
8148,842,482,352,7.828921,7.312102
8340,922,461,351,7.828921,7.313406
8272,848,491,367,7.828921,7.314711
8368,870,484,356,7.835658,7.316017
8348,984,492,374,7.842394,7.317324
8404,846,495,370,7.849130,7.318632
8384,904,452,351,7.849130,7.319940
8344,974,487,365,7.855866,7.321249
8396,852,484,357,7.855866,7.322559
8352,932,466,356,7.855866,7.323868
8248,838,490,365,7.862603,7.325179
8372,866,486,357,7.855866,7.326488
8368,976,488,370,7.862603,7.327798
8320,834,480,354,7.862603,7.329109
8336,922,461,357,7.862603,7.330419
8344,974,487,367,7.862603,7.331729
8320,848,476,349,7.862603,7.333040
8332,938,469,357,7.862603,7.334350
8224,846,476,356,7.862603,7.335660
8328,904,495,360,7.862603,7.336971
8304,956,478,362,7.869339,7.338283
8392,878,491,365,7.869339,7.339594
8376,924,462,360,7.869339,7.340906
8316,954,477,359,7.862603,7.342216
8364,894,496,365,7.862603,7.343527
8372,936,468,360,7.869339,7.344839
8192,858,476,352,7.862603,7.346149
8348,896,492,359,7.862603,7.347459
8356,958,479,365,7.862603,7.348770
8312,872,491,362,7.862603,7.350080
8312,902,451,351,7.862603,7.351390
8300,970,485,364,7.862603,7.352701
8320,860,481,352,7.862603,7.354011
8300,930,465,356,7.862603,7.355321
8292,880,484,360,7.855866,7.356631
8312,880,471,342,7.855866,7.357940
8320,964,482,364,7.855866,7.359250
8368,856,475,352,7.855866,7.360559
8344,922,461,359,7.855866,7.361868
8352,976,488,369,7.855866,7.363178
8348,866,477,352,7.855866,7.364487
8364,946,473,364,7.855866,7.365797
8276,862,469,349,7.849130,7.367105
8344,892,475,347,7.842394,7.368412
8400,974,487,372,7.849130,7.369720
8316,850,470,347,7.849130,7.371027
8328,922,461,357,7.849130,7.372335
8376,962,481,364,7.849130,7.373643
8328,868,472,346,7.842394,7.374950
8356,938,469,360,7.842394,7.376257
8184,884,479,351,7.842394,7.377564
8120,918,499,352,7.842394,7.378871
8128,946,473,347,7.835658,7.380177
8124,898,490,351,7.835658,7.381484
8120,906,453,342,7.835658,7.382790
8028,976,488,352,7.828921,7.384094
8100,842,494,352,7.828921,7.385399
8088,954,477,354,7.828921,7.386703
7984,850,484,349,7.822185,7.388007
8072,918,502,356,7.822185,7.389311
8132,972,486,360,7.822185,7.390615
8088,888,492,351,7.822185,7.391918
8068,904,452,341,7.822185,7.393222
8076,984,492,359,7.815449,7.394525
8048,866,473,336,7.815449,7.395827
8056,940,470,347,7.808712,7.397129
8024,872,473,341,7.801976,7.398429
8096,896,499,352,7.801976,7.399729
8076,954,477,351,7.801976,7.401030
8124,868,503,362,7.801976,7.402330
8120,900,450,339,7.801976,7.403630
8072,992,496,360,7.801976,7.404931
8112,868,489,351,7.801976,7.406231
8156,966,483,362,7.808712,7.407532
8020,964,482,349,7.808712,7.408834
8144,914,503,359,7.808712,7.410135
8148,974,487,362,7.815449,7.411438
8104,890,493,354,7.815449,7.412740
8068,916,458,347,7.815449,7.414043
8072,984,492,360,7.815449,7.415346
8100,866,483,344,7.808712,7.416647
8092,954,477,356,7.815449,7.417950
8064,968,484,351,7.815449,7.419252
8132,910,489,347,7.815449,7.420555
8132,950,475,349,7.815449,7.421858
8112,890,482,346,7.822185,7.423162
8144,908,454,344,7.815449,7.424464
8024,958,479,346,7.815449,7.425767
8080,840,488,347,7.808712,7.427068
8068,944,472,349,7.815449,7.428371
7952,956,478,344,7.808712,7.429672
8020,900,494,347,7.808712,7.430974
8052,964,482,356,7.801976,7.432274
8048,860,481,344,7.801976,7.433574
8060,930,484,351,7.801976,7.434875
8104,954,477,349,7.795240,7.436174
8076,880,489,346,7.795240,7.437473
8052,892,446,329,7.788504,7.438771
8008,986,493,356,7.788504,7.440069
8116,880,490,349,7.788504,7.441367
8188,968,484,364,7.788504,7.442665
8328,832,475,352,7.788504,7.443963
8340,918,495,357,7.795240,7.445262
8284,944,472,356,7.795240,7.446562
8288,874,487,357,7.801976,7.447862
8304,918,459,354,7.801976,7.449162
8188,960,480,354,7.808712,7.450464
8252,858,462,334,7.801976,7.451764
8316,958,479,362,7.808712,7.453065
8268,846,462,339,7.801976,7.454366
8272,882,488,339,7.801976,7.455666
8284,922,461,344,7.795240,7.456965
8340,860,492,360,7.801976,7.458266
8312,898,449,344,7.801976,7.459566
8248,982,491,365,7.808712,7.460867
8364,858,485,357,7.808712,7.462169
8332,950,475,360,7.822185,7.463472
8332,836,483,357,7.822185,7.464776
8356,898,487,351,7.822185,7.466080
8332,978,489,369,7.822185,7.467383
8324,832,479,352,7.822185,7.468687
8356,936,468,360,7.822185,7.469991
8272,954,477,357,7.822185,7.471294
8304,888,487,356,7.822185,7.472598
8344,966,483,369,7.828921,7.473903
8372,858,480,357,7.828921,7.475207
8348,918,492,357,7.835658,7.476513
8364,962,481,365,7.835658,7.477819
8420,878,491,365,7.849130,7.479127
8360,940,470,362,7.855866,7.480437
8308,966,483,364,7.862603,7.481747
8416,892,491,364,7.862603,7.483057
8392,974,487,372,7.869339,7.484369
8376,848,482,359,7.869339,7.485681
8400,912,492,359,7.869339,7.486993
8368,986,493,374,7.876075,7.488306
8364,832,484,357,7.876075,7.489618
8392,934,467,360,7.876075,7.490931
8336,984,492,370,7.876075,7.492244
8344,862,482,354,7.882811,7.493557
8392,976,488,374,7.882811,7.494871
8416,848,493,367,7.889547,7.496186
8352,874,482,341,7.882811,7.497500
8344,976,488,367,7.882811,7.498814
8376,840,484,359,7.882811,7.500127
8296,922,461,352,7.882811,7.501441
8264,966,483,362,7.882811,7.502755
8340,874,485,356,7.876075,7.504067
8336,960,480,365,7.876075,7.505380
8308,852,478,354,7.876075,7.506693
8300,942,508,362,7.876075,7.508006
8120,978,489,360,7.869339,7.509317
8124,890,497,356,7.869339,7.510629
8156,942,471,356,7.869339,7.511941
8072,982,491,357,7.862603,7.513251
8100,906,503,357,7.862603,7.514562
8096,964,482,357,7.862603,7.515872
8128,898,497,357,7.855866,7.517181
8056,908,475,344,7.855866,7.518491
8104,988,494,362,7.849130,7.519799
8100,876,477,341,7.842394,7.521106
8060,926,463,344,7.842394,7.522413
8044,948,474,342,7.835658,7.523719
8148,884,503,357,7.835658,7.525025
8080,940,470,346,7.828921,7.526330
8080,846,496,356,7.828921,7.527634
8120,904,497,342,7.822185,7.528938
8096,980,490,359,7.822185,7.530241
8052,874,489,349,7.822185,7.531545
8072,936,468,351,7.815449,7.532848
8012,974,487,352,7.815449,7.534151
8020,872,469,329,7.801976,7.535451
8072,966,483,356,7.801976,7.536751
8092,870,474,341,7.801976,7.538052
8068,904,497,341,7.795240,7.539351
8060,938,469,341,7.788504,7.540649
8128,860,498,356,7.788504,7.541947
8040,914,457,339,7.788504,7.543245
8008,984,492,357,7.781767,7.544542
8116,892,496,354,7.788504,7.545840
8096,950,475,352,7.795240,7.547139
8060,886,491,352,7.795240,7.548439
8104,912,494,349,7.795240,7.549738
8116,982,491,360,7.795240,7.551037
8108,876,485,347,7.795240,7.552337
8132,944,472,356,7.801976,7.553637
8120,994,497,364,7.801976,7.554937
8108,882,481,342,7.795240,7.556237
8144,978,489,364,7.801976,7.557537
8172,880,485,354,7.801976,7.558837
8132,926,491,354,7.808712,7.560139
8152,968,484,356,7.808712,7.561440
8124,892,485,347,7.815449,7.562743
8144,930,465,349,7.815449,7.564045
8064,946,473,342,7.815449,7.565348
8136,886,498,354,7.815449,7.566651
8100,934,467,344,7.815449,7.567954
8140,854,496,357,7.815449,7.569256
8120,892,494,339,7.815449,7.570559
8140,1000,500,369,7.815449,7.571862
8080,844,477,349,7.815449,7.573164
8296,928,464,357,7.822185,7.574468
8300,954,477,359,7.822185,7.575772
8332,886,490,357,7.822185,7.577075
8332,930,465,356,7.822185,7.578379
8328,880,484,359,7.822185,7.579683
8300,884,479,346,7.822185,7.580986
8272,956,478,359,7.822185,7.582290
8372,862,487,360,7.822185,7.583594
8344,914,457,354,7.822185,7.584898
8276,974,487,364,7.828921,7.586202
8336,872,477,351,7.828921,7.587507
8356,950,475,362,7.828921,7.588811
8328,858,471,349,7.835658,7.590117
8348,900,477,354,7.835658,7.591424
8384,972,486,369,7.842394,7.592731
8292,846,468,344,7.835658,7.594037
8340,932,466,360,7.842394,7.595344
8352,956,478,360,7.842394,7.596651
8344,880,476,349,7.842394,7.597958
8360,944,472,360,7.842394,7.599265
8372,872,472,354,7.842394,7.600572
8388,908,485,356,7.842394,7.601879
8376,964,482,365,7.842394,7.603186
8392,866,474,352,7.842394,7.604493
8360,930,465,360,7.849130,7.605801
8324,962,481,362,7.849130,7.607109
8352,880,481,356,7.849130,7.608417
8408,956,478,367,7.849130,7.609725
8356,864,470,349,7.842394,7.611032
8372,906,479,351,7.842394,7.612339
8412,986,493,377,7.849130,7.613647
8376,858,482,357,7.855866,7.614956
8336,920,460,357,7.855866,7.616265
8380,990,495,375,7.855866,7.617575
8372,874,481,354,7.862603,7.618885
8356,942,471,362,7.862603,7.620195
8316,898,494,370,7.862603,7.621506
8376,894,482,354,7.862603,7.622816
8344,968,484,369,7.869339,7.624128
8428,886,500,374,7.876075,7.625441
8388,914,457,357,7.876075,7.626753
8308,970,485,365,7.876075,7.628066
8404,904,502,372,7.882811,7.629380
8412,944,472,365,7.882811,7.630693
8248,870,484,362,7.882811,7.632007
8392,912,499,365,7.889547,7.633322
8396,968,484,370,7.889547,7.634637
8328,866,484,357,7.889547,7.635952
8336,930,465,360,7.896284,7.637269
8228,980,490,362,7.889547,7.638584
8160,910,502,359,7.889547,7.639899
8160,960,480,359,7.889547,7.641214
8044,890,492,357,7.882811,7.642528
8136,928,505,357,7.882811,7.643841
8076,970,485,357,7.882811,7.645155
8140,898,504,362,7.882811,7.646469
8108,920,460,347,7.876075,7.647781
8064,996,498,362,7.876075,7.649094
8108,884,489,349,7.869339,7.650406
8144,962,481,359,7.869339,7.651718
8040,882,485,349,7.862603,7.653028
8156,916,484,344,7.855866,7.654337
8156,992,496,365,7.855866,7.655647
8112,872,481,346,7.849130,7.656955
8148,952,476,360,7.849130,7.658263
8176,986,493,364,7.842394,7.659570
8124,890,483,344,7.842394,7.660877
8172,964,482,360,7.842394,7.662184
8100,892,480,349,7.835658,7.663490
8136,920,499,354,7.835658,7.664796
8128,944,472,346,7.828921,7.666101
8136,896,488,351,7.828921,7.667405
8116,898,449,338,7.822185,7.668709
8052,978,489,356,7.822185,7.670012
8148,852,500,359,7.822185,7.671316
8148,944,472,352,7.822185,7.672620
8036,862,497,360,7.822185,7.673923
8152,902,494,354,7.822185,7.675227
8172,1000,500,370,7.828921,7.676532
8144,856,483,347,7.822185,7.677835
8156,944,472,357,7.828921,7.679140
8148,988,494,364,7.828921,7.680445
8132,886,494,354,7.828921,7.681749
8116,962,481,360,7.828921,7.683054
8028,876,491,359,7.828921,7.684359
8120,912,499,354,7.835658,7.685665
8092,966,483,356,7.835658,7.686971
8132,902,501,362,7.835658,7.688277
8116,920,460,349,7.835658,7.689583
8088,980,490,356,7.835658,7.690889
8128,878,480,344,7.835658,7.692195
8128,960,480,359,7.842394,7.693502
8008,860,475,342,7.835658,7.694808
8108,918,497,352,7.835658,7.696114
8148,956,478,354,7.835658,7.697420
8104,888,489,349,7.835658,7.698726
8080,892,446,334,7.828921,7.700031
8108,992,496,362,7.822185,7.701334
8164,856,495,356,7.828921,7.702639
8184,924,462,351,7.822185,7.703943
8292,852,486,364,7.822185,7.705246
8356,868,481,352,7.822185,7.706550
8324,974,487,369,7.828921,7.707855
8400,836,486,364,7.828921,7.709159
8396,916,458,357,7.828921,7.710464
8300,972,486,364,7.835658,7.711770
8352,856,483,357,7.828921,7.713075
8408,954,477,369,7.835658,7.714381
8280,838,482,360,7.835658,7.715687
8380,876,487,359,7.842394,7.716994
8432,988,494,378,7.849130,7.718302
8404,842,490,365,7.855866,7.719611
8372,904,452,354,7.855866,7.720921
8364,992,496,375,7.862603,7.722231
8384,836,485,357,7.869339,7.723543
8324,920,460,351,7.876075,7.724855
8284,850,485,362,7.876075,7.726168
8360,870,483,354,7.876075,7.727481
8332,978,489,370,7.882811,7.728795
8388,840,487,364,7.882811,7.730108
8376,912,456,356,7.882811,7.731422
8340,980,490,369,7.882811,7.732736
8356,852,483,357,7.876075,7.734048
8368,944,472,364,7.882811,7.735362
8244,834,477,356,7.876075,7.736675
8320,876,483,352,7.876075,7.737988
8352,968,484,369,7.876075,7.739300
8304,850,478,352,7.876075,7.740613
8304,920,460,359,7.876075,7.741926
8288,958,479,362,7.869339,7.743237
8372,880,493,364,7.869339,7.744549
8340,920,460,354,7.869339,7.745861
8288,968,484,362,7.862603,7.747171
8360,900,495,364,7.869339,7.748483
8304,946,473,359,7.869339,7.749795
8384,884,493,367,7.869339,7.751107
8388,918,493,360,7.876075,7.752419
8308,960,480,362,7.869339,7.753731
8364,890,498,369,7.869339,7.755043
8404,934,467,364,7.876075,7.756356
8272,960,480,359,7.869339,7.757668
8380,900,497,365,7.876075,7.758980
8376,956,478,365,7.876075,7.760293
8364,876,486,362,7.876075,7.761606
8340,926,499,362,7.882811,7.762919
8348,966,483,367,7.876075,7.764232
8356,882,491,362,7.882811,7.765546
8352,924,462,356,7.882811,7.766860
8272,960,480,359,7.882811,7.768173
8344,920,510,365,7.882811,7.769487
8100,964,482,357,7.882811,7.770801
8140,902,502,362,7.882811,7.772114
8140,928,495,354,7.876075,7.773427
8060,984,492,359,7.876075,7.774740
8112,884,497,357,7.876075,7.776052
8152,954,477,360,7.876075,7.777365
8072,992,496,360,7.876075,7.778678
8120,896,481,342,7.862603,7.779988
8168,992,496,369,7.869339,7.781300
8140,880,486,351,7.862603,7.782610
8084,928,493,352,7.862603,7.783921
8164,992,496,365,7.862603,7.785231
8156,884,483,347,7.855866,7.786541
8156,970,485,365,7.855866,7.787850
8132,982,491,360,7.855866,7.789159
8156,910,488,349,7.849130,7.790467
8172,978,489,362,7.849130,7.791775
8148,882,477,344,7.849130,7.793083
8184,948,501,362,7.842394,7.794390
8160,980,490,360,7.849130,7.795698
8156,896,491,356,7.842394,7.797005
8204,974,487,369,7.849130,7.798313
8136,974,487,356,7.849130,7.799621
8140,910,486,347,7.842394,7.800928
8252,996,498,374,7.849130,7.802236
8204,890,490,357,7.849130,7.803544
8156,934,493,359,7.855866,7.804853
8204,1012,506,375,7.855866,7.806163
8212,888,496,360,7.855866,7.807472
8176,950,475,359,7.862603,7.808783
8168,1016,508,374,7.862603,7.810093
8196,908,502,360,7.869339,7.811405
8148,970,485,362,7.869339,7.812716
8224,910,508,370,7.869339,7.814028
8240,942,504,364,7.876075,7.815341
8140,984,492,364,7.876075,7.816654
8204,916,509,369,7.882811,7.817967
8220,954,477,362,7.882811,7.819281
8084,976,488,356,7.882811,7.820595
8188,916,506,362,7.882811,7.821908
8184,970,485,364,7.882811,7.823222
8168,902,498,360,7.882811,7.824536
8148,932,503,357,7.889547,7.825851
8124,982,491,364,7.882811,7.827165
8160,896,501,359,7.889547,7.828480
8160,938,469,354,7.882811,7.829793
8124,998,499,365,7.882811,7.831107
8160,902,498,356,7.882811,7.832421
8116,966,483,359,7.882811,7.833735
8172,884,491,364,7.876075,7.835047
8384,904,481,357,7.876075,7.836360
8328,968,484,365,7.876075,7.837673
8384,876,494,367,7.876075,7.838985
8396,924,462,360,7.876075,7.840298
8296,970,485,364,7.876075,7.841611
8412,890,496,367,7.876075,7.842924
8464,960,480,372,7.876075,7.844236
8428,878,488,367,7.882811,7.845550
8424,938,505,370,7.882811,7.846864
8468,1002,501,385,7.889547,7.848179
8460,856,491,367,7.889547,7.849494
8432,918,459,357,7.889547,7.850809
8392,988,494,374,7.896284,7.852125
8440,872,498,367,7.896284,7.853441
8352,930,465,356,7.896284,7.854757
8408,884,495,370,7.903020,7.856074
8440,892,500,352,7.903020,7.857391
8392,934,467,352,7.896284,7.858707
8404,888,491,364,7.896284,7.860023
8456,926,463,362,7.896284,7.861340
8324,944,472,354,7.896284,7.862656
8372,896,494,364,7.896284,7.863972
8440,958,479,369,7.896284,7.865288
8368,870,471,351,7.896284,7.866604
8392,922,489,364,7.889547,7.867919
8468,974,487,372,7.889547,7.869234
8416,872,478,356,7.889547,7.870549
8356,930,465,360,7.882811,7.871863
8368,992,496,375,7.882811,7.873177
8424,882,486,360,7.876075,7.874489
8384,954,477,367,7.882811,7.875803
8424,904,498,374,7.882811,7.877117
8408,910,496,360,7.882811,7.878430
8336,956,478,362,7.882811,7.879744
8416,890,497,370,7.882811,7.881058
8424,944,472,369,7.889547,7.882373
8336,968,484,365,7.889547,7.883688
8400,904,495,367,7.896284,7.885004
8464,980,490,378,7.896284,7.886320
8432,848,485,364,7.903020,7.887637
8424,892,493,352,7.896284,7.888953
8440,984,492,375,7.903020,7.890270
8428,858,497,369,7.903020,7.891587
8408,910,455,356,7.903020,7.892904
8392,970,485,367,7.903020,7.894221
8416,888,501,369,7.903020,7.895538
8412,920,460,354,7.903020,7.896855
8436,886,480,360,7.896284,7.898171
8400,916,496,362,7.903020,7.899488
8272,972,486,360,7.896284,7.900805
8156,902,494,357,7.889547,7.902120
8220,960,480,364,7.896284,7.903436
8120,952,476,346,7.889547,7.904751
8156,916,492,352,7.882811,7.906065
8216,976,488,365,7.882811,7.907378
8128,878,480,347,7.876075,7.908691
8156,936,506,359,7.869339,7.910003
8204,986,493,365,7.869339,7.911314
8120,888,482,346,7.862603,7.912625
8152,944,472,356,7.862603,7.913935
8148,956,478,349,7.855866,7.915245
8148,908,502,357,7.849130,7.916553
8152,930,465,346,7.849130,7.917861
8144,898,487,351,7.842394,7.919168
8148,896,501,356,7.835658,7.920474
8084,966,483,354,7.835658,7.921780
8192,876,510,369,7.842394,7.923087
8200,920,460,349,7.835658,7.924393
8112,994,497,362,7.835658,7.925699
8176,876,501,359,7.835658,7.927005
8200,954,477,357,7.835658,7.928311
8180,878,501,362,7.842394,7.929618
8156,886,495,354,7.842394,7.930925
8184,996,498,369,7.842394,7.932232
8176,858,498,359,7.842394,7.933539
8160,936,468,354,7.842394,7.934846
8176,1020,510,375,7.849130,7.936154
8216,872,501,360,7.849130,7.937462
8176,946,473,352,7.849130,7.938770
8216,886,501,364,7.855866,7.940079
8164,890,494,352,7.855866,7.941389
8128,998,499,367,7.862603,7.942699
8220,864,506,369,7.869339,7.944011
8200,928,464,352,7.862603,7.945321
8116,1002,501,365,7.869339,7.946633
8188,878,498,359,7.869339,7.947945
8208,964,482,360,7.869339,7.949256
8180,870,500,364,7.869339,7.950568
8176,890,494,354,7.869339,7.951880
8188,1000,500,370,7.876075,7.953193
8172,854,495,357,7.869339,7.954504
8132,940,470,356,7.869339,7.955816
8156,1012,506,372,7.876075,7.957129
8164,868,492,352,7.869339,7.958441
8156,964,482,359,7.869339,7.959753
8076,866,490,357,7.869339,7.961064
8164,912,497,354,7.862603,7.962375
8132,992,496,367,7.869339,7.963686
8140,862,491,354,7.869339,7.964998
8224,944,472,365,7.869339,7.966310
8304,956,478,360,7.869339,7.967622
8336,884,489,360,7.862603,7.968932
8392,946,473,365,7.869339,7.970244
8228,854,476,354,7.862603,7.971554
8364,904,496,362,7.869339,7.972866
8352,952,476,362,7.869339,7.974178
8332,876,487,359,7.862603,7.975488
8308,912,456,354,7.862603,7.976799
8304,968,484,365,7.862603,7.978109
8336,870,487,357,7.862603,7.979419
8316,924,462,354,7.862603,7.980730
8268,888,490,365,7.862603,7.982040
8360,888,481,352,7.862603,7.983350
8312,958,479,362,7.862603,7.984661
8360,864,483,357,7.862603,7.985971
8364,916,458,357,7.862603,7.987281
8288,974,487,365,7.862603,7.988592
8316,860,475,349,7.862603,7.989902
8352,946,473,364,7.862603,7.991212
8264,862,477,354,7.855866,7.992522
8340,894,474,347,7.855866,7.993831
8428,982,491,375,7.855866,7.995141
8364,862,477,354,7.855866,7.996450
8316,914,457,356,7.855866,7.997759
8320,970,485,364,7.855866,7.999069
8300,856,469,342,7.849130,8.000377
8336,946,473,362,7.855866,8.001686
8276,862,472,352,7.849130,8.002995
8360,902,484,354,7.849130,8.004303
8372,946,473,357,7.849130,8.005611
8352,868,469,347,7.842394,8.006919
8368,926,463,360,7.842394,8.008226
8312,936,468,351,7.842394,8.009534
8332,878,485,357,7.842394,8.010841
8388,934,467,360,7.842394,8.012149
8272,866,468,349,7.835658,8.013454
8356,898,490,357,7.842394,8.014762
8420,940,470,359,7.835658,8.016068
8352,872,476,352,7.835658,8.017373
8340,900,450,349,7.835658,8.018679
8364,942,471,356,7.828921,8.019983
8376,886,488,359,7.835658,8.021289
8348,922,461,354,7.835658,8.022594
8256,870,475,354,7.828921,8.023899
8400,896,499,365,7.835658,8.025205
8356,922,461,349,7.835658,8.026510
8372,886,481,356,7.835658,8.027816
8420,916,458,359,7.835658,8.029121
8320,938,469,352,7.835658,8.030427
8340,896,505,364,7.842394,8.031734
8212,950,475,357,7.835658,8.033040
8064,898,483,349,7.835658,8.034346
8152,912,506,359,7.835658,8.035651
8196,958,479,356,7.835658,8.036957
8160,902,497,357,7.842394,8.038264
8160,908,454,344,7.835658,8.039570
8136,966,483,354,7.835658,8.040875
8176,890,506,362,7.835658,8.042181
8124,928,464,347,7.835658,8.043487
8060,898,500,364,7.842394,8.044794
8176,878,499,356,7.835658,8.046100
8116,970,485,356,7.842394,8.047407
8136,858,495,356,7.842394,8.048715
8120,922,461,347,7.835658,8.050020
8060,974,487,354,7.835658,8.051326
8100,870,491,351,7.835658,8.052631
8132,954,477,357,7.835658,8.053937
8004,878,488,354,7.835658,8.055243
8104,916,500,356,7.828921,8.056547
8132,980,490,365,7.835658,8.057853
8160,900,502,362,7.835658,8.059158
8136,920,460,349,7.835658,8.060464
8144,996,498,367,7.835658,8.061769
8152,886,497,357,7.835658,8.063075
8088,938,469,349,7.842394,8.064383
8056,984,492,356,7.842394,8.065690
8124,902,481,342,7.835658,8.066996
8116,986,493,364,7.842394,8.068303
8092,876,480,346,7.835658,8.069609
8160,944,472,359,7.835658,8.070914
8112,946,473,344,7.828921,8.072219
8108,888,490,347,7.828921,8.073524
8188,922,461,346,7.828921,8.074828
8024,974,487,351,7.828921,8.076133
8108,858,496,352,7.828921,8.077437
8132,974,487,359,7.828921,8.078742
8140,854,491,354,7.828921,8.080047
8084,924,496,349,7.822185,8.081350
8116,994,497,365,7.822185,8.082654
8156,876,491,352,7.822185,8.083958
8100,952,476,354,7.822185,8.085261
8040,976,488,356,7.822185,8.086565
8160,918,505,360,7.822185,8.087869
8088,956,478,352,7.822185,8.089172
8112,886,495,354,7.822185,8.090476
8104,912,483,346,7.822185,8.091780
8068,978,489,356,7.822185,8.093083
8036,870,476,339,7.815449,8.094386
8124,944,472,352,7.815449,8.095689
8076,926,463,339,7.815449,8.096992
8248,846,478,346,7.815449,8.098294
8316,952,476,360,7.815449,8.099597
8384,842,490,364,7.822185,8.100901
8340,880,481,341,7.815449,8.102203
8352,976,488,367,7.822185,8.103507
8380,840,483,357,7.822185,8.104811
8328,932,466,357,7.822185,8.106114
8264,964,482,360,7.822185,8.107418
8356,878,485,356,7.822185,8.108722
8320,960,480,364,7.828921,8.110026
8328,854,479,356,7.828921,8.111331
8364,928,497,362,7.828921,8.112636
8300,948,474,357,7.828921,8.113940
8312,866,486,356,7.828921,8.115245
8336,910,455,351,7.835658,8.116550
8256,966,483,360,7.835658,8.117856
8292,874,486,356,7.842394,8.119164
8312,954,477,364,7.842394,8.120471
8360,880,488,362,7.849130,8.121779
8308,894,467,349,7.849130,8.123088
